{
    "loss": 0.07996545732021332,
    "accuracy": 0.9833333492279053
}