{
    "loss": 0.08814683556556702,
    "accuracy": 0.9722222089767456
}